"Admina","Admina","aadminaa@admin.com",1234567895
"aaaa","Admina","aaaaaa@aaa.com",1234567898
"bbba","Admina","abbbaa@bbb.com",789465123226
"Admina","Admina","aadminaa@admin.com",1234567895
"aaaaaa","Admina","aaaaaa@aaa.com",1234567898
"bbba","Admina","abbbaa@bbb.com",789465123226
"Admina","Admina","aadminaa@admin.com",1234567895
"aaaaaa","Admina","aaaaaa@aaa.com",1234567898
"bbba","Admina","abbbaa@bbb.com",789465123226
"Admina","Admina","aadminaa@admin.com",1234567895
"aaaaaa","Admina","aaaaaa@aaa.com",1234567898
"bbba","Admina","abbbaa@bbb.com",789465123226
"Admina","Admina","aadminaa@admin.com",1234567895
"aaaaaa","Admina","aaaaaa@aaa.com",1234567898
"bbba","Admina","abbbaa@bbb.com",789465123226
"Admina","Admina","aadminaa@admin.com",1234567895
"aaaaaa","Admina","aaaaaa@aaa.com",1234567898
"bbba","Admina","abbbaa@bbb.com",789465123226
"Admina","Admina","aadminaa@admin.com",1234567895
"aaaaaa","Admina","aaaaaa@aaa.com",1234567898
"bbba","Admina","abbbaa@bbb.com",789465123226